<?xml version="1.0" encoding="UTF-8"?>
<project-private xmlns="http://www.netbeans.org/ns/project-private/1">
    <editor-bookmarks xmlns="http://www.netbeans.org/ns/editor-bookmarks/2" lastBookmarkId="0"/>
    <open-files xmlns="http://www.netbeans.org/ns/projectui-open-files/2">
        <group>
            <file>file:/C:/Users/1006p/Documents/PBO/rental%20ps%20putra/FIX/5/RentalPS%20(2)/RentalPS/src/main/java/com/playStation/view/pesanan.java</file>
            <file>file:/C:/Users/1006p/Documents/PBO/rental%20ps%20putra/FIX/5/RentalPS%20(2)/RentalPS/src/main/java/com/playStation/controller/LoginController.java</file>
            <file>file:/C:/Users/1006p/Documents/PBO/rental%20ps%20putra/FIX/5/RentalPS%20(2)/RentalPS/src/main/java/com/playStation/controller/PesananController.java</file>
            <file>file:/C:/Users/1006p/Documents/PBO/rental%20ps%20putra/FIX/5/RentalPS%20(2)/RentalPS/src/main/java/com/playStation/view/tampilan_UpdatePesanan.java</file>
            <file>file:/C:/Users/1006p/Documents/PBO/rental%20ps%20putra/FIX/5/RentalPS%20(2)/RentalPS/src/main/java/com/playStation/view/admin_Login.java</file>
            <file>file:/C:/Users/1006p/Documents/PBO/rental%20ps%20putra/FIX/5/RentalPS%20(2)/RentalPS/src/main/java/com/playStation/view/pembayaranCustomer.java</file>
            <file>file:/C:/Users/1006p/Documents/PBO/rental%20ps%20putra/FIX/5/RentalPS%20(2)/RentalPS/src/main/java/com/playStation/view/referensiGambar/Home-Logo-Background-PNG-Image%20(1).png</file>
            <file>file:/C:/Users/1006p/Documents/PBO/rental%20ps%20putra/FIX/5/RentalPS%20(2)/RentalPS/src/main/java/com/playStation/view/tampilan_DataCustomer.java</file>
            <file>file:/C:/Users/1006p/Documents/PBO/rental%20ps%20putra/FIX/5/RentalPS%20(2)/RentalPS/src/main/java/com/playStation/model/LoginModel.java</file>
            <file>file:/C:/Users/1006p/Documents/PBO/rental%20ps%20putra/FIX/5/RentalPS%20(2)/RentalPS/src/main/java/com/playStation/view/informasiPesanan.java</file>
            <file>file:/C:/Users/1006p/Documents/PBO/rental%20ps%20putra/FIX/5/RentalPS%20(2)/RentalPS/src/main/java/com/playStation/model/BookingPesnan.java</file>
        </group>
    </open-files>
</project-private>
